fact_id,fact_status,fact_type,fact_statement,fact_time_start,fact_time_end,fact_fragment_link_id,relation,fragment_id,exact_text,fragment_hash,fragment_hash_matches,document_version_id,publication_date,publication_date_precision,captured_at,is_after_cutoff,content_hash,capture_locator,document_id,document_title,source_id,publisher,independence_group,source_url
ffcfa8dd-b358-5790-bcb7-ee8992129dec,PROVISIONAL,OBSERVED_EVENT,К 17 мая 2011 года сотни работников Каражанбаса присоединились к забастовке.,2011-05-17,2011-05-17,175c85ce-57df-5fa8-b38b-209c5adbbeae,SUPPORTS,e197d653-65eb-52b8-902f-02bf0b054328,Hundreds of workers at the Qarazhanbas oil and gas field,9051a16e81b1f575c204f79640aa91988ae56c98b1a4ec22fba032921c76a24e,True,64f97ffe-8d27-5837-86bf-e5851257a76d,2011-05-17,DAY,46258.5,False,02419a24e3be19ff11aef22863d4b6254b3d18f22ab7d223aa6b20403bac4950,zhanaozen_v4_2011_evidence_captures/D01_6d02a123_capture.txt,6d02a123-4cac-527f-9b96-a76af63cc16a,Oil Workers' Strike In Kazakhstan Grows,fad22d7e-a495-55e7-85c3-25b774a3b87e,RFE/RL,IG-RFERL,https://www.rferl.org/a/oil_workers_strike_in_kazakhstan_grows/24177839.html
b3f06151-26b2-5c65-bb42-17beab9f4ebf,PROVISIONAL,ACTOR_CLAIM,Бастующие заявляли требование повышения оплаты труда.,2011-05-17,2011-05-17,1e7fec6b-118a-55ac-9b5e-cbfb14328c2e,SUPPORTS,d3e6a365-8150-545b-8005-c18c4939142b,strikers are demanding a pay rise,fc3fefbdcd67497c70405602e47bb7a3d29bcac9e8ea5faba2dc5cfd68734901,True,64f97ffe-8d27-5837-86bf-e5851257a76d,2011-05-17,DAY,46258.5,False,02419a24e3be19ff11aef22863d4b6254b3d18f22ab7d223aa6b20403bac4950,zhanaozen_v4_2011_evidence_captures/D01_6d02a123_capture.txt,6d02a123-4cac-527f-9b96-a76af63cc16a,Oil Workers' Strike In Kazakhstan Grows,fad22d7e-a495-55e7-85c3-25b774a3b87e,RFE/RL,IG-RFERL,https://www.rferl.org/a/oil_workers_strike_in_kazakhstan_grows/24177839.html
b3f06151-26b2-5c65-bb42-17beab9f4ebf,PROVISIONAL,ACTOR_CLAIM,Бастующие заявляли требование повышения оплаты труда.,2011-05-17,2011-05-17,cbcc9b78-9a8f-569d-b0be-738ec694d301,SUPPORTS,15e6b7e7-98f3-5830-8d5d-ae44862e445a,demanding fair pay and work conditions,086dcc0d8d259aeddb5dc4abbb43dbecfdc2f2474675aa881fe00d2a2f6dadd6,True,e92b6b89-4e75-5f64-ac26-7dd8005c3d56,2011-10-01,MONTH,46258.5,False,ae9021062594bf5692b482841a39842034d940d987f613c030053a5f6b405a68,zhanaozen_v4_2011_evidence_captures/D17_e16804b6_capture.txt,e16804b6-a082-5f9c-acf0-2e4291025136,"Repression of Labor Protests in Kazakhstan — Briefing Note, October 2011",73b0f91b-778e-5238-89ee-636e22196efb,IPHR / Kazakhstan International Bureau for Human Rights,IG-IPHR-KIBHR,https://iphronline.org/wp-content/uploads/2011/10/eng_labor_protests_briefing_paper_oct_2011.pdf
a59e3030-d1e6-51b5-a715-0514b4d06b43,PROVISIONAL,ACTOR_CLAIM,Работники Ersai требовали равной оплаты местных и иностранных работников за одинаковую работу.,2011-05-23,2011-05-23,c732b2cb-a55e-5ba8-95a9-234abbda22ee,SUPPORTS,57cf3759-6ac7-5636-9323-cace6040d2e7,equal payment for local and foreign workers doing the same job,610e39fb9ce9ae26c6bd1eb9ebc237d13872e1df858f9c5db209213c089834bc,True,071bd5f5-b78b-5c19-a38e-17ea82817435,2011-05-23,DAY,46258.5,False,5d6f113842728e8aa82a1651bc63d5cea4a0deafbf44e48ede6469790e6edefe,zhanaozen_v4_2011_evidence_captures/D02_0b7da75f_capture.txt,0b7da75f-95eb-58aa-811f-34f3c56471f6,Striking Oil Workers In Kazakhstan Start Hunger Strike,3c0a9fd3-3326-5220-b97c-e2fb0d483f10,RFE/RL,IG-RFERL,https://www.rferl.org/a/kazakh_oil_workers_start_hunger_strike/24183948.html
614c3bbd-0832-50d0-8c39-5cbab173c0aa,PROVISIONAL,OBSERVED_EVENT,"К 23 мая в конфликте, связанном с Ersai, бастовали несколько сотен нефтяников.",2011-05-23,2011-05-23,369534ab-cdf2-5c6a-b204-959711720e4a,SUPPORTS,60416957-da00-5951-b4da-f5ccb46eca77,Ten of the several hundred oil workers on strike,1d1c4a156bc3621e9b65851c3cfa585a766caedbc7b4b3e1ee28942d9fc02f37,True,071bd5f5-b78b-5c19-a38e-17ea82817435,2011-05-23,DAY,46258.5,False,5d6f113842728e8aa82a1651bc63d5cea4a0deafbf44e48ede6469790e6edefe,zhanaozen_v4_2011_evidence_captures/D02_0b7da75f_capture.txt,0b7da75f-95eb-58aa-811f-34f3c56471f6,Striking Oil Workers In Kazakhstan Start Hunger Strike,3c0a9fd3-3326-5220-b97c-e2fb0d483f10,RFE/RL,IG-RFERL,https://www.rferl.org/a/kazakh_oil_workers_start_hunger_strike/24183948.html
a208b943-38f3-5cd6-ad35-1f1de17a00e4,PROVISIONAL,OBSERVED_EVENT,26 мая 14 работников ОзенМунайГаза начали голодовку.,2011-05-26,2011-05-26,4e0565a6-c170-51e9-9997-a7190eb2b8a0,SUPPORTS,d521033f-59ce-5518-9227-b5fe9cb7570f,Fourteen employees of the OzenMunaiGaz Oil Company,258e18442bacd8552d907615438d8a4da4c405d4095ca13ee3a3f4051ad2f20a,True,ed5b18f5-d4b4-57bf-99db-d59131945ed9,2011-05-26,DAY,46258.5,False,df51bb60f64b9e5cb31bad337983c8f0a892b1245ccccb316c800329b9509da6,zhanaozen_v4_2011_evidence_captures/D03_2c117675_capture.txt,2c117675-d4c1-5125-8f0b-88086e6bb887,More Oil Workers Begin Hunger Strike In West Kazakhstan,041d7f7c-ad6e-50ac-8322-fa21fd7e8ce4,RFE/RL,IG-RFERL,https://www.rferl.org/a/more_oil_workers_hunger_strike_kazakhstan/24206131.html
a1aa979d-e0fe-51b3-8806-52d70351176b,PROVISIONAL,ACTOR_CLAIM,Работники ОзенМунайГаза требовали пересмотра коллективного договора.,2011-05-26,2011-05-26,34c226d3-8e31-5734-ad74-cc42d758ee4f,SUPPORTS,cc839407-9eb7-5e05-acca-70f1577883d4,demanding the revision of the collective contract,280cab66370750738b1f3e917eedf2c571038385e7cd6829763f6a3955de093c,True,ed5b18f5-d4b4-57bf-99db-d59131945ed9,2011-05-26,DAY,46258.5,False,df51bb60f64b9e5cb31bad337983c8f0a892b1245ccccb316c800329b9509da6,zhanaozen_v4_2011_evidence_captures/D03_2c117675_capture.txt,2c117675-d4c1-5125-8f0b-88086e6bb887,More Oil Workers Begin Hunger Strike In West Kazakhstan,041d7f7c-ad6e-50ac-8322-fa21fd7e8ce4,RFE/RL,IG-RFERL,https://www.rferl.org/a/more_oil_workers_hunger_strike_kazakhstan/24206131.html
d752804a-0c2c-5244-b0ef-edacb6dc01e2,PROVISIONAL,OBSERVED_EVENT,27 мая КаражанбасМунай уволил восемь бастующих работников.,2011-05-27,2011-05-27,d44ea444-6610-5107-9ab7-c758fc62d622,SUPPORTS,c91f29dd-8d47-5747-a8df-699438044fff,fired eight workers from among the dozens,0e06d6fb13cc23752145db71e5ef2ee529a6a08ad1a569c46e8aceed3be74a64,True,adbcb401-ba65-5904-95c0-8ef2be653ed1,2011-05-27,DAY,46258.5,False,69532f7e9b56187dba62597ae82b6ee0943abf83c6aae8436dbe2c9ed8fe666f,zhanaozen_v4_2011_evidence_captures/D04_2496aaf4_capture.txt,2496aaf4-f84e-5c67-85e4-015f7e0519ec,Striking Oil Workers Fired In Kazakhstan,4e46c56c-9f35-5dbd-b634-2b6796d90391,RFE/RL,IG-RFERL,https://www.rferl.org/a/striking_oil_workers_fired_in_kazakhstan/24207466.html
9e287255-de7d-5c16-9a21-291261933514,PROVISIONAL,ACTOR_CLAIM,Бастующие требовали снятия ограничений с независимых профсоюзов.,2011-05-27,2011-05-27,dadf11cf-66ca-594f-a7c3-30e4114b4a7a,SUPPORTS,7f0b0752-387d-5def-ba3d-ab11c4f1414b,lifting of restrictions on the activities of independent trade unions,ac6e8cc659989a1ad7641a8c281b51f933f1c71cec3ac21505f917005f7d11fe,True,adbcb401-ba65-5904-95c0-8ef2be653ed1,2011-05-27,DAY,46258.5,False,69532f7e9b56187dba62597ae82b6ee0943abf83c6aae8436dbe2c9ed8fe666f,zhanaozen_v4_2011_evidence_captures/D04_2496aaf4_capture.txt,2496aaf4-f84e-5c67-85e4-015f7e0519ec,Striking Oil Workers Fired In Kazakhstan,4e46c56c-9f35-5dbd-b634-2b6796d90391,RFE/RL,IG-RFERL,https://www.rferl.org/a/striking_oil_workers_fired_in_kazakhstan/24207466.html
136cb85c-abcb-5c65-a4ad-c118a560fca3,PROVISIONAL,OBSERVED_EVENT,После акции в Актау 5 июня были задержаны не менее 37 протестующих.,2011-06-05,2011-06-05,fb265c9c-83c9-53b4-a2aa-3fbc6413a65a,SUPPORTS,04ab9fff-fe17-5b34-8733-f046d1b1ed06,At least 37 protesters were detained.,ab4dc3c216b97bcee60d18ae1d4baaef37cb57874ca34ee2b3f15144387784d0,True,3186a5ae-1c7c-5570-90e6-f6a68b938f59,2011-06-06,DAY,46258.5,False,e1b888b372abc06b8fa68b255b94951d1b07d0cf09b56418bac38119a618c86c,zhanaozen_v4_2011_evidence_captures/D05_c5f122b3_capture.txt,c5f122b3-33f5-58bf-9c14-4d6f79657a59,Two Hospitalized After Oil-Worker Protest In Western Kazakhstan,ddeaf877-0282-52a2-898a-311bd154a72b,RFE/RL,IG-RFERL,https://www.rferl.org/a/kazakhstan_oil_workers_protests/24221366.html
6c268a9d-0b29-5274-98d2-6d3008ff459b,PROVISIONAL,OFFICIAL_CLAIM,"Генеральная прокуратура заявила, что действия полиции в Актау были законными.",2011-06-06,2011-06-06,3375e9a8-4315-5451-a505-e354314c36b3,SUPPORTS,b344006d-0950-57af-b0e7-60eb7b4f5217,police action in Aqtau was legal,e90581178df54e8aa90d72fcbe9c488fa57139002797126a3014ebeff56c1340,True,3186a5ae-1c7c-5570-90e6-f6a68b938f59,2011-06-06,DAY,46258.5,False,e1b888b372abc06b8fa68b255b94951d1b07d0cf09b56418bac38119a618c86c,zhanaozen_v4_2011_evidence_captures/D05_c5f122b3_capture.txt,c5f122b3-33f5-58bf-9c14-4d6f79657a59,Two Hospitalized After Oil-Worker Protest In Western Kazakhstan,ddeaf877-0282-52a2-898a-311bd154a72b,RFE/RL,IG-RFERL,https://www.rferl.org/a/kazakhstan_oil_workers_protests/24221366.html
db691c24-5aa1-56b2-bc8a-da33ad1370ba,PROVISIONAL,OBSERVED_EVENT,В июле нефтяники и часть жителей несколько дней находились на площади в Жанаозене.,2011-07-11,2011-07-11,fc45dc13-eec5-5d41-8a2d-cf7568a5550e,SUPPORTS,d1067ad6-51d6-5a42-b6ea-8cf74c4fd71c,мұнайшылар мен қала халқы бірнеше күн алаңда түнеді,09c5ced1e64fcfd9a723ca63cba4eeca4827045e8da09294f02acf025e97cc81,True,bb5c161c-2e58-55b9-abaf-a92a634ebf37,2011-07-11,DAY,46258.5,False,2b8dab7dff1adf0e64cbb01873a751dc429d608ba48ce38963350d8b4572c3a3,zhanaozen_v4_2011_evidence_captures/D06_a09bab6c_capture.txt,a09bab6c-8f4c-5fa9-8a01-38cc05d7724c,Жаңаөзендегі мұнайшылар наразылығына туыстары қосылды,8872ed80-7dfe-5761-a8a7-5cb6a64dcec4,Azattyq,IG-AZATTYQ,https://www.azattyq.org/a/kazakhstan_zhangaozen_strike_oil_undustry_workers/24261582.html
383912e2-0c73-50c3-8c3d-499ef9de82e8,PROVISIONAL,OBSERVED_EVENT,Азаттык сообщил о силовом разгоне голодающих у УОС-5.,2011-07-11,2011-07-11,ca930cf7-1b70-5d29-b7a4-8e89314b344f,SUPPORTS,563b5a98-093d-5d40-8488-c4e5dc324f9a,полиция күштеп таратты,569e7d109cf7f5dd873cc6c610513b567388e808f9d8d0e434057cf04032841a,True,bb5c161c-2e58-55b9-abaf-a92a634ebf37,2011-07-11,DAY,46258.5,False,2b8dab7dff1adf0e64cbb01873a751dc429d608ba48ce38963350d8b4572c3a3,zhanaozen_v4_2011_evidence_captures/D06_a09bab6c_capture.txt,a09bab6c-8f4c-5fa9-8a01-38cc05d7724c,Жаңаөзендегі мұнайшылар наразылығына туыстары қосылды,8872ed80-7dfe-5761-a8a7-5cb6a64dcec4,Azattyq,IG-AZATTYQ,https://www.azattyq.org/a/kazakhstan_zhangaozen_strike_oil_undustry_workers/24261582.html
bda3f514-beea-5126-92aa-89fc4824f075,PROVISIONAL,OFFICIAL_CLAIM,"РД КМГ сообщила, что к 27 июля были уволены 373 работника ОзенМунайГаза.",2011-07-27,2011-07-27,cf33b0a6-3213-59f5-aebe-ad9a3684d991,SUPPORTS,1877b2a5-6cb1-555e-8011-29f2daf9f8c6,были уволены 373 человека,88ad128b632d8f0efbbb3eac74bb5814694d0966154a544e70e45e7e891445f9,True,3dcd5aa1-e2a9-5dd9-a2d9-992f9c80e835,2011-07-28,DAY,46258.5,False,778d61386dbfd8044eab009c204df0e0744bf90781898c4484d79d284fbadaa6,zhanaozen_v4_2011_evidence_captures/D07_d8d0cc9f_capture.txt,d8d0cc9f-2091-5c78-8ac9-27ff273d274a,Суд над юристом нефтяников проходит закрыто,ab02c333-f700-53c9-bf0e-e499b8152447,Azattyq,IG-AZATTYQ,https://rus.azattyq.org/a/oil_workers_strike_kazakhstan/24279930.html
fd69ed6e-d7ee-5dd2-a058-f10f0dac7429,PROVISIONAL,OFFICIAL_CLAIM,РД КМГ сообщила о примерно 3400 резюме жителей региона на освободившиеся рабочие места.,2011-07-28,2011-07-28,73866456-884b-5cac-9940-3eb5b47f51fc,SUPPORTS,facfa6e5-5707-5d1f-8a9e-a2386955211e,"около 3400 резюме, поступивших от жителей региона",1333917bcc2659c501abac889b49c63c9fb7fae365bb1990586f8d7ba7bcb56e,True,3dcd5aa1-e2a9-5dd9-a2d9-992f9c80e835,2011-07-28,DAY,46258.5,False,778d61386dbfd8044eab009c204df0e0744bf90781898c4484d79d284fbadaa6,zhanaozen_v4_2011_evidence_captures/D07_d8d0cc9f_capture.txt,d8d0cc9f-2091-5c78-8ac9-27ff273d274a,Суд над юристом нефтяников проходит закрыто,ab02c333-f700-53c9-bf0e-e499b8152447,Azattyq,IG-AZATTYQ,https://rus.azattyq.org/a/oil_workers_strike_kazakhstan/24279930.html
6a2fcd1f-8432-5d05-8116-1f68cc31ed34,PROVISIONAL,EXPERT_INTERPRETATION,Amnesty International сообщила об участии тысяч нефтяников в забастовках и протестах.,2011-07-22,2011-07-22,510e4b0e-818f-51cc-afae-c3ce1c32d8b1,SUPPORTS,52c484be-f283-5d09-862b-ba24df4fa15e,thousands of oil industry workers in south-west Kazakhstan,bd28659c955d52f4f927f29da20fff0b4069340cd2fb13cbc3b5b33d8f69d5e3,True,0efd353a-191f-5adf-a6ac-152776e3fcc0,2011-07-22,DAY,46258.5,False,062fba841416c97a5bbe83b3e44bbbc27d2275978e1f172102305f2f0afaa813,zhanaozen_v4_2011_evidence_captures/D08_f5f60829_capture.txt,f5f60829-717b-5ac5-b0c2-706a9149166d,Kazakhstan: Authorities urged to protect rights of protesting oil workers in the south-west of country,342b110f-efa6-516d-bb55-4e1b09c1bf48,Amnesty International,IG-AMNESTY,https://www.amnesty.org/fr/wp-content/uploads/2021/07/eur570042011en.pdf
08f78cea-bfce-5bc4-85fd-6bdd55eb72e3,PROVISIONAL,EXPERT_INTERPRETATION,Amnesty International описала предмет споров как оплату труда и условия работы.,2011-07-22,2011-07-22,088ee797-f8ec-5229-8588-b1cf91a37bce,SUPPORTS,d43a6ce1-65cf-5b3c-a7b2-ed411c3d5063,following disputes around pay and working conditions,34ac78101e4e6bc94eb6968531cf0c8506d77064c69a73277d2c64565c9ce221,True,0efd353a-191f-5adf-a6ac-152776e3fcc0,2011-07-22,DAY,46258.5,False,062fba841416c97a5bbe83b3e44bbbc27d2275978e1f172102305f2f0afaa813,zhanaozen_v4_2011_evidence_captures/D08_f5f60829_capture.txt,f5f60829-717b-5ac5-b0c2-706a9149166d,Kazakhstan: Authorities urged to protect rights of protesting oil workers in the south-west of country,342b110f-efa6-516d-bb55-4e1b09c1bf48,Amnesty International,IG-AMNESTY,https://www.amnesty.org/fr/wp-content/uploads/2021/07/eur570042011en.pdf
5f708929-3f45-50d7-820d-2a72b84f83de,PROVISIONAL,OBSERVED_EVENT,Наталья Соколова в августе 2011 года была приговорена к шести годам лишения свободы.,2011-08-08,2011-08-08,e096e9bc-09b3-5cf7-a598-e1cff13ad4a7,SUPPORTS,82d1bacf-3ed4-5b42-9d8c-7ee7cd105e94,sentenced to six years in jail,801c305068af1eba96cc54ba1006f05bb94bc72ca2f18555a94eeacac2f722c8,True,f8c37ae0-cf47-50e7-844e-117d0da2d1e8,2011-08-08,DAY,46258.5,False,c77d2581a452587eecaee70c4ee5956d181d12e681094ad1ae78b8bad632c465,zhanaozen_v4_2011_evidence_captures/D09_36796596_capture.txt,36796596-76fc-5e5c-b702-0627641d54e8,Striking Kazakh Oil Workers' Lawyer Gets Six-Year Jail Term,bec0db84-f828-51e3-a57c-03b36e0655c5,RFE/RL,IG-RFERL,https://www.rferl.org/a/striking_kazakh_oil_workers_lawyer_gets_six_year_jail_term/24290769.html
5f708929-3f45-50d7-820d-2a72b84f83de,PROVISIONAL,OBSERVED_EVENT,Наталья Соколова в августе 2011 года была приговорена к шести годам лишения свободы.,2011-08-08,2011-08-08,6530b92f-e4d5-514d-a0e0-0640a25587a6,SUPPORTS,150704f4-c65a-50f4-b758-b9b456f909ff,Natalya Sokolova was sentenced to six years of imprisonment,20167c0443bca4fe1ca09d3851f8e0cec3d3c9eb9d009796e0842abda2a3a937,True,26b9e671-5e1e-5460-a80c-2e803ca81ba6,2011-11-03,DAY,46258.5,False,10c08f6e82a6adea0332429661d8abdab06f1d7a5b2d5b3db40107d2c83bb13d,zhanaozen_v4_2011_evidence_captures/D20_2d26ce81_capture.txt,2d26ce81-e4f8-5e97-abea-e761ae250515,Response concerning Natalya Sokolova and striking employees in Mangistau,7197119d-d545-5cf2-9b85-a5212d3436c9,Delegation of Kazakhstan to the OSCE,IG-KZ-OSCE,https://cdn.osce.org/sites/default/files/f/documents/3/b/85058.pdf
064c967c-2147-5961-9bec-919fa695ef01,PROVISIONAL,OBSERVED_EVENT,Суд также запретил Соколовой юридическую и общественную деятельность после освобождения.,2011-08-08,2011-08-08,f2d96bce-433e-559a-b187-adacac6238e4,SUPPORTS,2c47a771-1301-55be-a2ab-9b2ef1f82510,barred from performing legal or social activities,18eb28e3682e26881c00f5ad81dbdc60ded9be207f68e3f6b21b2e7da960a980,True,f8c37ae0-cf47-50e7-844e-117d0da2d1e8,2011-08-08,DAY,46258.5,False,c77d2581a452587eecaee70c4ee5956d181d12e681094ad1ae78b8bad632c465,zhanaozen_v4_2011_evidence_captures/D09_36796596_capture.txt,36796596-76fc-5e5c-b702-0627641d54e8,Striking Kazakh Oil Workers' Lawyer Gets Six-Year Jail Term,bec0db84-f828-51e3-a57c-03b36e0655c5,RFE/RL,IG-RFERL,https://www.rferl.org/a/striking_kazakh_oil_workers_lawyer_gets_six_year_jail_term/24290769.html
7bf6c3d8-e010-5b17-b966-2fc73b85ece7,DISPUTED,ACTOR_CLAIM,"Работница ОзенМунайГаза заявила, что около 3000 работников подали заявления о выходе из «Нур Отана».",2011-08-11,2011-08-11,4d82e2dd-6662-52be-a71f-7286e710f383,SUPPORTS,96d71cb0-0dc4-5b1a-8d49-15570528ec26,"nearly 3,000 workers went to the party offices",4969d86ab1ae4b48f08e1ca870b472209e92db13bdf553ac96509cf7d4510e54,True,659b6499-e44f-55d0-bf21-d8bad66f757a,2011-08-11,DAY,46258.5,False,5c4249a35bcd87d8b51e09721f33ede4a269b4bd1e85daac114a498a4111e92b,zhanaozen_v4_2011_evidence_captures/D10_5845d9f9_capture.txt,5845d9f9-4ee1-5a55-bbd8-71a367bc2b88,Striking Kazakh Oil Workers Quit Ruling Party,ba03b386-5a57-5cfc-a08b-f714be45e83b,RFE/RL,IG-RFERL,https://www.rferl.org/a/striking_kazakh_oil_workers_quit_ruling_party/24294248.html
10d94580-3cf3-589c-8559-75cb21dff279,DISPUTED,OFFICIAL_CLAIM,Филиал «Нур Отана» в Жанаозене заявил о 1089 зарегистрированных заявлениях о выходе.,2011-08-11,2011-08-11,ebebd1bc-e415-55a8-8be1-7b156b768bf0,SUPPORTS,2031e3d8-567e-575e-bf6f-b3ddc82f5023,"only 1,089 official applications to quit the party ranks had been registered",b15ed55e4964395305b53a9531d250fb268fabd575daf749642c3be09b492483,True,659b6499-e44f-55d0-bf21-d8bad66f757a,2011-08-11,DAY,46258.5,False,5c4249a35bcd87d8b51e09721f33ede4a269b4bd1e85daac114a498a4111e92b,zhanaozen_v4_2011_evidence_captures/D10_5845d9f9_capture.txt,5845d9f9-4ee1-5a55-bbd8-71a367bc2b88,Striking Kazakh Oil Workers Quit Ruling Party,ba03b386-5a57-5cfc-a08b-f714be45e83b,RFE/RL,IG-RFERL,https://www.rferl.org/a/striking_kazakh_oil_workers_quit_ruling_party/24294248.html
d1f5c61d-2e15-5432-b13f-25701c2eec7f,PROVISIONAL,EXPERT_INTERPRETATION,Eurasianet описал конфликт как спор вокруг оплаты труда и льгот.,2011-08-22,2011-08-22,2b4aa292-a48f-5f0f-8423-2d776c91b4ac,SUPPORTS,92379ee7-4a50-5312-b5a4-4a860bf49e9c,The dispute revolves around workers’ pay and benefits.,94127a6a7dc69ed9bc0c00e30497acf725d27d2959a89c0dacb220013cb2fbb8,True,38577d2a-6cbc-5387-8359-e147891e6614,2011-08-22,DAY,46258.5,False,822dd7488057a52083c9aece395a7d6a80e813d1a3c357418b77f2888bbfa4a4,zhanaozen_v4_2011_evidence_captures/D11_df5dbc73_capture.txt,df5dbc73-ff8c-5d50-98d7-aa18f0ed7222,Kazakhstan: Labor Unrest Denting Astana’s Economic Image,bcb0fbaf-3dff-58c3-a422-b718cd64bc9a,Eurasianet,IG-EURASIANET,https://eurasianet.org/kazakhstan-labor-unrest-denting-astanas-economic-image
a2592518-5346-5ad7-853b-108cca8eaf88,DISPUTED,EXPERT_INTERPRETATION,Eurasianet привёл оценку до 15000 участников забастовок на пике.,2011-08-22,2011-08-22,2070ea88-be42-588c-843b-ec55bf9f2eaa,SUPPORTS,f0f5911a-afe3-5bba-bab9-3f2ead07ba4b,"Strikes by as many as 15,000 workers began in May",587d1cd74b824b44ae4827a54dd4f83a8a4ab1599e435fc68b10b5c4409c4a06,True,38577d2a-6cbc-5387-8359-e147891e6614,2011-08-22,DAY,46258.5,False,822dd7488057a52083c9aece395a7d6a80e813d1a3c357418b77f2888bbfa4a4,zhanaozen_v4_2011_evidence_captures/D11_df5dbc73_capture.txt,df5dbc73-ff8c-5d50-98d7-aa18f0ed7222,Kazakhstan: Labor Unrest Denting Astana’s Economic Image,bcb0fbaf-3dff-58c3-a422-b718cd64bc9a,Eurasianet,IG-EURASIANET,https://eurasianet.org/kazakhstan-labor-unrest-denting-astanas-economic-image
0f18d263-ce86-518e-b82d-3e64fea680b3,PROVISIONAL,OFFICIAL_CLAIM,Аким области призвал уволенных искать работу в других нефтяных компаниях.,2011-09-14,2011-09-14,edff5197-e4fd-5547-b12f-81f308226e14,SUPPORTS,d1fab3bc-488b-561c-a7e1-ebd0b8991a99,he urged them to find new jobs at other oil companies,3db9de1c0fb7a14ae1037a80a88be4a1142fcbcbc9c937a0d27370377ee94c78,True,6ba5958d-d1ed-5917-9c5c-660c188744cf,2011-09-14,DAY,46258.5,False,2626af71f084a925f36c166d3154bb19432cda88ac3ded07bd4cf65a09e131e4,zhanaozen_v4_2011_evidence_captures/D12_151bfbcc_capture.txt,151bfbcc-b275-525c-aa69-758e6dbd7b80,"Tired, Angry, But Determined, Striking Kazakh Oil Workers Say Fight Will Go On",1327709c-bb71-58b7-90ce-f0f38656c201,RFE/RL,IG-RFERL,https://www.rferl.org/a/striking_kazakh_oil_workers_say_fight_will_go_on/24328725.html
483c0c71-c46e-5bd7-9a90-f71921f10e62,PROVISIONAL,OFFICIAL_CLAIM,"Аким области заявил, что восстановление на прежних местах ОзенМунайГаза находится вне его полномочий.",2011-09-14,2011-09-14,02c43fc6-5e9b-5f51-a8b4-62acca54cd14,SUPPORTS,86ab5021-7817-5395-a0fe-ba94da91b416,it was beyond his power to restore their previous posts,d39318102e86b7e4b05606eb0c526c7c9533e630e128f7ffd2192a63da846b85,True,6ba5958d-d1ed-5917-9c5c-660c188744cf,2011-09-14,DAY,46258.5,False,2626af71f084a925f36c166d3154bb19432cda88ac3ded07bd4cf65a09e131e4,zhanaozen_v4_2011_evidence_captures/D12_151bfbcc_capture.txt,151bfbcc-b275-525c-aa69-758e6dbd7b80,"Tired, Angry, But Determined, Striking Kazakh Oil Workers Say Fight Will Go On",1327709c-bb71-58b7-90ce-f0f38656c201,RFE/RL,IG-RFERL,https://www.rferl.org/a/striking_kazakh_oil_workers_say_fight_will_go_on/24328725.html
ddd0115a-c248-5be6-af50-ecc9c3eb26d5,PROVISIONAL,ACTOR_CLAIM,В материале о бастующем работнике зафиксированы требования невыплаченных повышений и улучшения условий труда.,2011-09-18,2011-09-18,4b6e8cd6-dff4-5d12-9092-e86477fee8a4,SUPPORTS,56d19d98-707a-5deb-9472-d355b3835d79,demanding payment of unfulfilled wage hikes and better labor conditions,0f6e3a6f15d8d509f36975eb0e400f93343a910a52a9d44f1d1933c7d61e7828,True,00527651-bbea-5b17-89b0-c79f68fb39f6,2011-09-18,DAY,46258.5,False,e853d18e16a1e105d4b568559855e801f51000d66315140044f1ede73d51d501,zhanaozen_v4_2011_evidence_captures/D13_46609b00_capture.txt,46609b00-8ecc-5239-816f-e28da8ae18f3,'We Don't Have Anything To Eat' -- Desperation and Poverty Growing As Kazakh Strikes Drag On,a31e3834-1227-5f14-acfe-2e43bee2fe47,RFE/RL,IG-RFERL,https://www.rferl.org/a/kazakhstan_oil_workers_strike_desperation_poverty/24331987.html
69a7dd61-50d8-5995-a91c-723b63879fa4,PROVISIONAL,OBSERVED_EVENT,"RFE/RL сообщил, что к середине сентября были уволены сотни бастующих.",2011-09-18,2011-09-18,fa06d394-ec80-52b0-9b12-d54c7d1797eb,SUPPORTS,0b287fd9-bdbb-5ee2-9b49-99277948f554,Hundreds of the strikers have been fired from their posts,f3a0d38067763911f2016b500301499562400f294c06de797b8121e8458a52b1,True,00527651-bbea-5b17-89b0-c79f68fb39f6,2011-09-18,DAY,46258.5,False,e853d18e16a1e105d4b568559855e801f51000d66315140044f1ede73d51d501,zhanaozen_v4_2011_evidence_captures/D13_46609b00_capture.txt,46609b00-8ecc-5239-816f-e28da8ae18f3,'We Don't Have Anything To Eat' -- Desperation and Poverty Growing As Kazakh Strikes Drag On,a31e3834-1227-5f14-acfe-2e43bee2fe47,RFE/RL,IG-RFERL,https://www.rferl.org/a/kazakhstan_oil_workers_strike_desperation_poverty/24331987.html
d5b67aa9-fc15-5635-9d13-5db5623fb876,PROVISIONAL,OBSERVED_EVENT,27 сентября сообщалось о продолжающейся забастовке тысяч нефтяников.,2011-09-27,2011-09-27,79f4ea0e-2155-5b89-a91f-4a5bd6a4cfac,SUPPORTS,36765d54-7b46-5a1d-aea7-0296ef6782cd,thousands of Kazakh oil workers continue their strike,428b334b125602c7c3f75734ee2a50a4cc0626831579b8caa1c79f47031840e2,True,3fa6e3d7-8fac-5372-84f4-6924a8bf819e,2011-09-27,DAY,46258.5,False,8e85cf150955fd314fa1bad27ab9df16dc0de48662ea403f68258738357511a6,zhanaozen_v4_2011_evidence_captures/D14_1fdb293f_capture.txt,1fdb293f-696f-5b38-9a64-469dd0de7340,Jailed Lawyer Of Striking Kazakh Oil Workers Loses Appeal,0d49d515-8eee-58d3-891a-45b906138ef9,RFE/RL,IG-RFERL,https://www.rferl.org/a/kazakhstan_oil_workers_lawyer/24341367.html
f1354988-add2-5149-938a-4f6a4221d4f1,PROVISIONAL,OBSERVED_EVENT,RFE/RL сообщил о 410 уволенных с начала забастовки.,2011-09-27,2011-09-27,4d016edb-801c-5b2f-a4b7-0a2211f03711,SUPPORTS,49c356b3-3585-587c-9573-d4326e97de77,Some 410 of the workers have been fired since the strike began,98437a034ea0d186a2958940f557068d943d9faa351a3aad6aa2c2014a7087da,True,3fa6e3d7-8fac-5372-84f4-6924a8bf819e,2011-09-27,DAY,46258.5,False,8e85cf150955fd314fa1bad27ab9df16dc0de48662ea403f68258738357511a6,zhanaozen_v4_2011_evidence_captures/D14_1fdb293f_capture.txt,1fdb293f-696f-5b38-9a64-469dd0de7340,Jailed Lawyer Of Striking Kazakh Oil Workers Loses Appeal,0d49d515-8eee-58d3-891a-45b906138ef9,RFE/RL,IG-RFERL,https://www.rferl.org/a/kazakhstan_oil_workers_lawyer/24341367.html
3a9fb283-1682-5dd5-9987-3efd5d5d95d7,PROVISIONAL,OFFICIAL_CLAIM,"РД КМГ заявила, что не намерена восстанавливать уволенных нефтяников.",2011-10-06,2011-10-06,2dcee05b-f6d2-5660-a752-0108800a4088,SUPPORTS,3832d42b-4806-56e6-8281-575100f9201b,не намерен восстанавливать на работе уволенных нефтяников,83cd82e69db496d805d45278f441ea0f7c6a25de5a6610b8fe8eab9d0f869be4,True,2d63f3f4-cb01-5b8c-b4ec-9bedb09b4363,2011-10-06,DAY,46258.5,False,105f0a4475fd676a900c9d2686789a5f92a42eb246bc3626f312757fdaf1ad26,zhanaozen_v4_2011_evidence_captures/D15_71e85ab4_capture.txt,71e85ab4-ac4d-5da6-a5f5-7498e118fc2d,«КазМунайГаз» не намерен восстанавливать на работе уволенных нефтяников,e83bc2ab-c6b3-5c89-b8b1-0720ae400d19,Azattyq,IG-AZATTYQ,https://rus.azattyq.org/a/24350449.html
abecfa8f-31bb-57f0-8a9e-2496e9416609,PROVISIONAL,OFFICIAL_CLAIM,"РД КМГ заявила, что уволенным неоднократно предлагали работу в сервисных компаниях.",2011-10-06,2011-10-06,e3286e30-8ddd-5598-a9c7-182ab890694f,SUPPORTS,3c9cca86-6ba6-58ee-a6a1-b4c6aade6f54,уволенным неоднократно предлагалась работа в сервисных компаниях,912ca9dbbf869b23e885ab3855ecb4c0c36b8bb64ff6e98b3f314cc66923e64e,True,2d63f3f4-cb01-5b8c-b4ec-9bedb09b4363,2011-10-06,DAY,46258.5,False,105f0a4475fd676a900c9d2686789a5f92a42eb246bc3626f312757fdaf1ad26,zhanaozen_v4_2011_evidence_captures/D15_71e85ab4_capture.txt,71e85ab4-ac4d-5da6-a5f5-7498e118fc2d,«КазМунайГаз» не намерен восстанавливать на работе уволенных нефтяников,e83bc2ab-c6b3-5c89-b8b1-0720ae400d19,Azattyq,IG-AZATTYQ,https://rus.azattyq.org/a/24350449.html
691f6a30-feff-56f3-92aa-79d80789b5aa,PROVISIONAL,ACTOR_CLAIM,"Лидер забастовки заявил, что полиция просила его убедить бастующих прекратить акцию.",2011-10-26,2011-10-26,7df255a0-5d94-5f1a-a8db-b6e7f752b6fb,SUPPORTS,523bcdda-c017-5991-82d0-1a9579c127d3,asked him to persuade the strikers to stop the strike,bfc1c3d54fb4c45f54702c58b3160bb56d8ec89875f0bd1f9cb75daa935ae046,True,bbcfce9f-2362-50de-a567-189ac434cf1a,2011-10-27,DAY,46258.5,False,0b8c786b6a0a85ebeacf8190c41528e05ac75fceb0c8ef24cee973a24d50c06f,zhanaozen_v4_2011_evidence_captures/D16_bfbbaba9_capture.txt,bfbbaba9-c401-5716-ae39-266b9d86c984,Another Striking Oil Worker Attacked In Western Kazakhstan,65a33526-fdaa-5aaa-a0b8-45a54f080ced,RFE/RL,IG-RFERL,https://www.rferl.org/a/striking_kazakh_oil_worker_attacked/24373227.html
32e71021-370a-5b8c-b571-2275e4f5e2e0,PROVISIONAL,ACTOR_CLAIM,"Тот же лидер заявил, что его просили принять условия работодателей и местной власти.",2011-10-26,2011-10-26,83053cbb-0ef1-5f88-91c6-415ffe20007c,SUPPORTS,d1af814a-9e10-5f9d-ae78-180ba7f4357a,accept the conditions offered by their employers and the local government,7e0e402521d16c8d7c9046ec1d91086ccb59f7110ea96067e9c0908ee471bb4b,True,bbcfce9f-2362-50de-a567-189ac434cf1a,2011-10-27,DAY,46258.5,False,0b8c786b6a0a85ebeacf8190c41528e05ac75fceb0c8ef24cee973a24d50c06f,zhanaozen_v4_2011_evidence_captures/D16_bfbbaba9_capture.txt,bfbbaba9-c401-5716-ae39-266b9d86c984,Another Striking Oil Worker Attacked In Western Kazakhstan,65a33526-fdaa-5aaa-a0b8-45a54f080ced,RFE/RL,IG-RFERL,https://www.rferl.org/a/striking_kazakh_oil_worker_attacked/24373227.html
4e55576e-cc85-5c77-adc4-b0d571b83502,PROVISIONAL,EXPERT_INTERPRETATION,"IPHR/KIBHR сообщил, что тысячи нефтяников бастовали и протестовали несколько месяцев.",2011-10-01,2011-10-01,a012a5b0-6790-513d-b274-d759b2c8b950,SUPPORTS,51e5ac30-63a9-5433-8472-a22727f1db36,thousands of oil industry workers have been striking and protesting,5e6796f746e563e5a6fddabab4019c9d76bc0029a29821d2fc9ad8421ff057c5,True,e92b6b89-4e75-5f64-ac26-7dd8005c3d56,2011-10-01,MONTH,46258.5,False,ae9021062594bf5692b482841a39842034d940d987f613c030053a5f6b405a68,zhanaozen_v4_2011_evidence_captures/D17_e16804b6_capture.txt,e16804b6-a082-5f9c-acf0-2e4291025136,"Repression of Labor Protests in Kazakhstan — Briefing Note, October 2011",73b0f91b-778e-5238-89ee-636e22196efb,IPHR / Kazakhstan International Bureau for Human Rights,IG-IPHR-KIBHR,https://iphronline.org/wp-content/uploads/2011/10/eng_labor_protests_briefing_paper_oct_2011.pdf
c73a9fc6-181f-5a5a-84b3-f6885b4e77ce,PROVISIONAL,EXPERT_INTERPRETATION,IPHR/KIBHR описал требования как справедливую оплату и условия труда.,2011-10-01,2011-10-01,9b2a572b-bf18-55ba-9de3-1dbb0b8f04f6,SUPPORTS,15e6b7e7-98f3-5830-8d5d-ae44862e445a,demanding fair pay and work conditions,086dcc0d8d259aeddb5dc4abbb43dbecfdc2f2474675aa881fe00d2a2f6dadd6,True,e92b6b89-4e75-5f64-ac26-7dd8005c3d56,2011-10-01,MONTH,46258.5,False,ae9021062594bf5692b482841a39842034d940d987f613c030053a5f6b405a68,zhanaozen_v4_2011_evidence_captures/D17_e16804b6_capture.txt,e16804b6-a082-5f9c-acf0-2e4291025136,"Repression of Labor Protests in Kazakhstan — Briefing Note, October 2011",73b0f91b-778e-5238-89ee-636e22196efb,IPHR / Kazakhstan International Bureau for Human Rights,IG-IPHR-KIBHR,https://iphronline.org/wp-content/uploads/2011/10/eng_labor_protests_briefing_paper_oct_2011.pdf
98d4666a-d2e2-5fa3-817b-5ee545d9eda9,PROVISIONAL,OFFICIAL_CLAIM,Миссия США при ОБСЕ выразила обеспокоенность шестилетним приговором Соколовой.,2011-09-01,2011-09-01,06771a8f-8172-51a4-aed0-806c820c328f,SUPPORTS,b5fdecb6-2ac4-5f56-aae6-6aef4bb7b956,sentencing to six years imprisonment of Natalya Sokolova,a4cd7f69647c69aac6ae7658e8bc3c7ecb7f1038ba3e427a139a5baf7f125c84,True,17608513-7164-5d30-9d2e-521338e323d7,2011-09-01,DAY,46258.5,False,47a25deca65723e6b0285de06520f55189ef3b94d5f0ae271659c5b203a38f1e,zhanaozen_v4_2011_evidence_captures/D18_fc776a08_capture.txt,fc776a08-7158-5bb1-bdf6-aee5264c6f61,Statement on the Imprisonment of Natalya Sokolova,4cc51c34-2212-5ab5-b3f1-f6bbfe309c6c,United States Mission to the OSCE,IG-US-OSCE,https://www.osce.org/files/f/documents/4/b/82126.pdf
a0955cfa-c21d-574b-9af0-abe5376d40de,PROVISIONAL,OFFICIAL_CLAIM,Миссия США при ОБСЕ заявила о признаках нарушений надлежащей процедуры в суде над Соколовой.,2011-09-01,2011-09-01,0a80d046-9dd0-58ac-b1df-41508cb34b5a,SUPPORTS,33ce2949-0da2-5839-9b01-566ae7e4bbf4,trial appears to have been marred by violations of procedural due process,adb59f91fd4d4ae7248581db6ff0d94ac88c9b1933c914af2065cd1254d7038a,True,17608513-7164-5d30-9d2e-521338e323d7,2011-09-01,DAY,46258.5,False,47a25deca65723e6b0285de06520f55189ef3b94d5f0ae271659c5b203a38f1e,zhanaozen_v4_2011_evidence_captures/D18_fc776a08_capture.txt,fc776a08-7158-5bb1-bdf6-aee5264c6f61,Statement on the Imprisonment of Natalya Sokolova,4cc51c34-2212-5ab5-b3f1-f6bbfe309c6c,United States Mission to the OSCE,IG-US-OSCE,https://www.osce.org/files/f/documents/4/b/82126.pdf
73cdf802-2f7a-5315-9dce-ea474d9d2914,PROVISIONAL,OFFICIAL_CLAIM,"ЕС заявил, что внимательно отслеживает действия правоохранительных органов в отношении бастующих нефтяников.",2011-09-02,2011-09-02,60593ad9-cf74-5861-9d53-54a6fd11613e,SUPPORTS,1021d03e-0dc6-561e-bda4-87465bfbc242,follows closely the activities of the Kazakh law enforcement authorities regarding striking oil workers,def83897ab61dfcdb91c52f662320abfdbb397844397bdb21e66f76f41381470,True,e85d2031-f492-5e93-b0ac-a7e84f27c7c7,2011-09-02,DAY,46258.5,False,5a2c9a876ef8458620e84da179cfe25a300c7e795f09457c1223803f900dd42a,zhanaozen_v4_2011_evidence_captures/D19_e7472144_capture.txt,e7472144-acd9-592e-82c7-17827ed8812c,EU statement on the rule of law and human rights issues in Kazakhstan,8581b365-808a-560c-b869-ca2787e4a6d1,European Union at the OSCE,IG-EU-OSCE,https://www.osce.org/files/f/documents/4/8/82141.pdf
d206a449-91fa-558f-89ce-53eddd73be09,PROVISIONAL,OFFICIAL_CLAIM,ЕС призвал Казахстан обеспечить Соколовой свободное и справедливое судебное разбирательство.,2011-09-02,2011-09-02,cbf31553-ffdf-5d61-86ee-04e6dfe0b683,SUPPORTS,fcd2397b-c4e9-5035-9ff9-45969f55ecf4,ensure her a free and fair trial,cf0ef0ea07ec46b2fb4aa088be92933afd88a58083ec7780b74856bb321ea134,True,e85d2031-f492-5e93-b0ac-a7e84f27c7c7,2011-09-02,DAY,46258.5,False,5a2c9a876ef8458620e84da179cfe25a300c7e795f09457c1223803f900dd42a,zhanaozen_v4_2011_evidence_captures/D19_e7472144_capture.txt,e7472144-acd9-592e-82c7-17827ed8812c,EU statement on the rule of law and human rights issues in Kazakhstan,8581b365-808a-560c-b869-ca2787e4a6d1,European Union at the OSCE,IG-EU-OSCE,https://www.osce.org/files/f/documents/4/8/82141.pdf
e1bc2da7-5d64-5a43-b6ab-5ee9eea97b43,PROVISIONAL,OFFICIAL_CLAIM,Делегация Казахстана при ОБСЕ подтвердила шестилетний приговор Соколовой.,2011-11-03,2011-11-03,b7c4c3a7-2f92-5f35-984c-9f6fc4c8c6db,SUPPORTS,150704f4-c65a-50f4-b758-b9b456f909ff,Natalya Sokolova was sentenced to six years of imprisonment,20167c0443bca4fe1ca09d3851f8e0cec3d3c9eb9d009796e0842abda2a3a937,True,26b9e671-5e1e-5460-a80c-2e803ca81ba6,2011-11-03,DAY,46258.5,False,10c08f6e82a6adea0332429661d8abdab06f1d7a5b2d5b3db40107d2c83bb13d,zhanaozen_v4_2011_evidence_captures/D20_2d26ce81_capture.txt,2d26ce81-e4f8-5e97-abea-e761ae250515,Response concerning Natalya Sokolova and striking employees in Mangistau,7197119d-d545-5cf2-9b85-a5212d3436c9,Delegation of Kazakhstan to the OSCE,IG-KZ-OSCE,https://cdn.osce.org/sites/default/files/f/documents/3/b/85058.pdf
54d57a34-8a15-5bd9-804c-d6298b30a008,PROVISIONAL,OFFICIAL_CLAIM,Делегация Казахстана при ОБСЕ заявила об обеспокоенности ситуацией бастующих работников.,2011-11-03,2011-11-03,57d4eda8-3c5e-5c2c-801a-a3e15e936754,SUPPORTS,56979f53-d4db-51cd-81da-ee58864509d7,expressing its concern about the situation of the striking employees,1fd4d78a5529bad7dd183c20e99d3937f0a12a7fbf49ff51d08068963d04cd91,True,26b9e671-5e1e-5460-a80c-2e803ca81ba6,2011-11-03,DAY,46258.5,False,10c08f6e82a6adea0332429661d8abdab06f1d7a5b2d5b3db40107d2c83bb13d,zhanaozen_v4_2011_evidence_captures/D20_2d26ce81_capture.txt,2d26ce81-e4f8-5e97-abea-e761ae250515,Response concerning Natalya Sokolova and striking employees in Mangistau,7197119d-d545-5cf2-9b85-a5212d3436c9,Delegation of Kazakhstan to the OSCE,IG-KZ-OSCE,https://cdn.osce.org/sites/default/files/f/documents/3/b/85058.pdf
e00f9759-43f9-57a6-932c-412c24dc14ea,PROVISIONAL,ACTOR_CLAIM,РД КМГ связала часть снижения добычи и экспорта с забастовкой.,2011-11-14,2011-11-14,c9036ec1-6b3c-55d0-aa15-7f63bea91fa6,SUPPORTS,6295e487-c225-5445-ae8b-653d1691579a,production and export decline due to the illegal strike,d4c41baf5312f53d2607b18887ca0edac2a7a387fbd2f767f2abbddf2f5b47f2,True,d2eefc78-82b0-5eb7-b1ae-533745cbbd79,2011-11-14,DAY,46258.5,False,f37bed02661583fcd84a62c53ffb1a538adf18fdcc7fa4357170f74b013a04cc,zhanaozen_v4_2011_evidence_captures/D21_9d9fc2eb_capture.txt,9d9fc2eb-87be-5b5e-8ba1-9d6ad38661ec,The first nine months 2011 financial results — Press Release,f1f97296-d368-5605-a262-e57e0f489187,JSC KazMunaiGas Exploration Production / KASE,IG-KMG-EP,https://kase.kz/files/emitters/RDGZ/rdgz_reliz_141111_e.pdf
3f33111a-2dca-55e9-92b5-800b4abab4b0,PROVISIONAL,ACTOR_CLAIM,"РД КМГ заявила, что к ноябрю производственный процесс был нормализован.",2011-11-14,2011-11-14,67a45d09-b0c8-57d0-b68e-9afb9747766e,SUPPORTS,ed8bc8c7-e41b-5515-be8d-f32056f6f338,production process has now been normalised,e53f9490a000dc45091e93f0b20dc13a3febd0559db4f55b330ad06a373ccb8f,True,d2eefc78-82b0-5eb7-b1ae-533745cbbd79,2011-11-14,DAY,46258.5,False,f37bed02661583fcd84a62c53ffb1a538adf18fdcc7fa4357170f74b013a04cc,zhanaozen_v4_2011_evidence_captures/D21_9d9fc2eb_capture.txt,9d9fc2eb-87be-5b5e-8ba1-9d6ad38661ec,The first nine months 2011 financial results — Press Release,f1f97296-d368-5605-a262-e57e0f489187,JSC KazMunaiGas Exploration Production / KASE,IG-KMG-EP,https://kase.kz/files/emitters/RDGZ/rdgz_reliz_141111_e.pdf
fa48d318-8754-5ee6-9880-b67273843e9a,PROVISIONAL,OBSERVED_EVENT,Около 40 нефтяников участвовали в ноябрьской встрече с вице-министром и региональными чиновниками.,2011-11-15,2011-11-15,b5751043-17fe-5475-bf3e-f2e16190d8ed,SUPPORTS,ab55c516-12dc-5533-9e87-a950a6e61b3e,На встречу пришли около 40 нефтяников,b148d270bcae31abceaffc93ac1b5fb9319a992ceed42faf19acac5a221cff59,True,53cf6bd9-b51d-5f0a-b56f-addd0caa6af2,2011-11-17,DAY,46258.5,False,e6f07b15b2822e6af738be912d09f4abbacc4857c0761e6a485c8996733003ee,zhanaozen_v4_2011_evidence_captures/D22_2c31843a_capture.txt,2c31843a-9181-5786-8ded-86762eae6779,Заместитель министра труда и социальной защиты населения встретился с бастующими нефтяниками Мангистау,ae117c91-c49a-5022-abb1-4e39a4e8c38d,Lada.kz,IG-LADA,https://www.lada.kz/society/society/1153-zamestitel-ministra-truda-i-socialnoy-zaschity-naseleniya-vstretilsya-s-bastuyuschimi-neftyanikami-mangistau.html
c33f32e5-3a0f-5d8e-a5f4-a565a53d24cc,PROVISIONAL,OFFICIAL_CLAIM,"Акимат Жанаозена сообщил Lada.kz, что ноябрьская встреча не была переговорами.",2011-11-17,2011-11-17,23535dd0-2c70-5397-9e34-274e92a97a14,SUPPORTS,adc3f666-4039-58d9-8a66-be148a17e05e,эта встреча не являлась переговорами,ea52aec361dd2b323ace619ad18e39f78cfe4b586dd312620a2f3568c63431d0,True,53cf6bd9-b51d-5f0a-b56f-addd0caa6af2,2011-11-17,DAY,46258.5,False,e6f07b15b2822e6af738be912d09f4abbacc4857c0761e6a485c8996733003ee,zhanaozen_v4_2011_evidence_captures/D22_2c31843a_capture.txt,2c31843a-9181-5786-8ded-86762eae6779,Заместитель министра труда и социальной защиты населения встретился с бастующими нефтяниками Мангистау,ae117c91-c49a-5022-abb1-4e39a4e8c38d,Lada.kz,IG-LADA,https://www.lada.kz/society/society/1153-zamestitel-ministra-truda-i-socialnoy-zaschity-naseleniya-vstretilsya-s-bastuyuschimi-neftyanikami-mangistau.html
9f1fb708-d088-54a8-a5a1-31eea61a4cfa,PROVISIONAL,ACTOR_CLAIM,"В пресс-релизе РД КМГ заявлено, что предприятие переговоров не ведёт.",2011-11-17,2011-11-17,4a8dd6f7-654d-56c4-ada9-bea606be044b,SUPPORTS,5b7eac26-0016-5011-a8ba-e6e00a879b2d,Никаких переговоров предприятие не ведет,66ecd4aa411f5242a187130cdce331f15095e1ff21362d487d38f46e3aa574dd,True,53cf6bd9-b51d-5f0a-b56f-addd0caa6af2,2011-11-17,DAY,46258.5,False,e6f07b15b2822e6af738be912d09f4abbacc4857c0761e6a485c8996733003ee,zhanaozen_v4_2011_evidence_captures/D22_2c31843a_capture.txt,2c31843a-9181-5786-8ded-86762eae6779,Заместитель министра труда и социальной защиты населения встретился с бастующими нефтяниками Мангистау,ae117c91-c49a-5022-abb1-4e39a4e8c38d,Lada.kz,IG-LADA,https://www.lada.kz/society/society/1153-zamestitel-ministra-truda-i-socialnoy-zaschity-naseleniya-vstretilsya-s-bastuyuschimi-neftyanikami-mangistau.html
94255747-5c61-51a9-892f-6a8d17cb3dee,PROVISIONAL,OFFICIAL_CLAIM,Заместитель акима области заявил о создании около 3000 рабочих мест в Жанаозене.,2011-11-22,2011-11-22,47dd7a1c-a546-5108-b345-dcdc6c583a8c,SUPPORTS,f3130edc-588f-5f37-a88d-ffea7eca56c3,создано около 3000 рабочих мест,59b487b92e58938aed664ea051d6add28e06d31cdc891039654a3db77d175f47,True,02248e81-d235-5306-aef3-5dec2af93ebb,2011-11-22,DAY,46258.5,False,0e6a08c88995d51c55e14751f2f622feeb44bd136390ceb3cf246be0477be04c,zhanaozen_v4_2011_evidence_captures/D23_1af09c53_capture.txt,1af09c53-eaae-5af8-94c9-574cdd8683dd,Бастующим нефтяникам города Жанаозен 23 ноября будет предоставлена последняя возможность трудоустроиться,52cc7e9f-cf60-5cee-8c87-740ee516d575,Lada.kz,IG-LADA,https://www.lada.kz/aktau_news/society/1209-bastuyuschim-neftyanikam-zhanaozeni-23-noyabrya-budet-predostavlena-poslednyaya-vozmozhnost-trudoustroitsya.html
8591081b-af72-50fe-b017-c26625baacb1,PROVISIONAL,OFFICIAL_CLAIM,"Заместитель акима заявил, что из 989 уволенных за трудоустройством обратились шесть человек.",2011-11-22,2011-11-22,0fac41c8-4af0-5808-8d16-28ebf4ba1616,SUPPORTS,7d82ddb5-b949-59af-90b3-3da2bc4691ad,за трудоустройством обратилось всего шесть человек,202a7d8190bc7f705cc8c450853308110a72f4fa2804f148eb9644e8b412924c,True,02248e81-d235-5306-aef3-5dec2af93ebb,2011-11-22,DAY,46258.5,False,0e6a08c88995d51c55e14751f2f622feeb44bd136390ceb3cf246be0477be04c,zhanaozen_v4_2011_evidence_captures/D23_1af09c53_capture.txt,1af09c53-eaae-5af8-94c9-574cdd8683dd,Бастующим нефтяникам города Жанаозен 23 ноября будет предоставлена последняя возможность трудоустроиться,52cc7e9f-cf60-5cee-8c87-740ee516d575,Lada.kz,IG-LADA,https://www.lada.kz/aktau_news/society/1209-bastuyuschim-neftyanikam-zhanaozeni-23-noyabrya-budet-predostavlena-poslednyaya-vozmozhnost-trudoustroitsya.html
daaf4605-8aa1-5463-876d-e32f561a0e1c,PROVISIONAL,OBSERVED_EVENT,"В конце ноября прошла трёхдневная встреча КМГ, бастующих, Минтруда и акимата.",2011-11-27,2011-11-27,c17d0910-ff76-5f32-a278-fe97306b6ae8,SUPPORTS,bbf0a151-afb1-57cd-9c19-cba3f5319e42,Три дня в городе Жанаозен проходила трехсторонняя встреча,3d3cac8c646df7fb27557676849d966a50ecb64ddccf01c8afb9768bb05f7808,True,d3b8d52c-3dbb-5d07-84bd-e07acf35fbbb,2011-11-27,DAY,46258.5,False,74b2caeaccf08d4d3a91c3f8108c0d20b210d5881b4638f0b234811fdba7448b,zhanaozen_v4_2011_evidence_captures/D24_79594336_capture.txt,79594336-74c1-58c6-bcdc-11fd4df9ff48,Представители бастующих нефтяников города Жанаозен отказались подписывать протокол трехсторонней встречи,82043157-6a1a-5df4-9dd7-9ba42368d19b,Lada.kz,IG-LADA,https://www.lada.kz/aktau_news/society/1264-bastuyuschie-neftyaniki-zhanaozenya-razocharovany-primiritelnaya-komissiya-okazalas-razyasnitelnoy.html
8e94c834-42cf-5db0-8374-f132cb90ee23,PROVISIONAL,OBSERVED_EVENT,Представители бастующих отказались подписать протокол трёхсторонней встречи.,2011-11-27,2011-11-27,34b53c59-1039-56c7-9b71-787339d1a3b0,SUPPORTS,787a466f-d38d-5cfc-bcce-57da008aaa88,отказались подписывать протокол трехсторонней встречи,e6d22b5446adc0fdfff21ff11ebf6b63dc75e42a3faf9b6c6c7cd6a32372fcf6,True,d3b8d52c-3dbb-5d07-84bd-e07acf35fbbb,2011-11-27,DAY,46258.5,False,74b2caeaccf08d4d3a91c3f8108c0d20b210d5881b4638f0b234811fdba7448b,zhanaozen_v4_2011_evidence_captures/D24_79594336_capture.txt,79594336-74c1-58c6-bcdc-11fd4df9ff48,Представители бастующих нефтяников города Жанаозен отказались подписывать протокол трехсторонней встречи,82043157-6a1a-5df4-9dd7-9ba42368d19b,Lada.kz,IG-LADA,https://www.lada.kz/aktau_news/society/1264-bastuyuschie-neftyaniki-zhanaozenya-razocharovany-primiritelnaya-komissiya-okazalas-razyasnitelnoy.html
6f26acf1-03dd-5731-a626-2c2c558b58cd,PROVISIONAL,ACTOR_CLAIM,"Eurasianet передал позицию РД КМГ о том, что работники получают справедливую оплату.",2011-10-13,2011-10-13,a6efe35a-1792-5574-9fed-1d9ce640561b,SUPPORTS,3ca46849-549e-544d-b72c-d62ef1706612,company insists that its employees are fairly compensated,f7760687e7aaae5d2ed74a264f94485465395efdc8c17afd5deb89c452a4d86c,True,86135a7f-79d7-5d6f-870c-f8bdaa925023,2011-10-13,DAY,46258.5,False,58cdfe78806e6121a878875241d097db593aca2877f7f546b94a5b54b07b7034,zhanaozen_v4_2011_evidence_captures/D25_43a82618_capture.txt,43a82618-e2f4-5340-b3db-5a08a84dfed1,Kazakhstan: Labor Dispute Dragging Energy Production Down,93272924-00d5-527a-9ace-4ea593c021ad,Eurasianet,IG-EURASIANET,https://eurasianet.org/kazakhstan-labor-dispute-dragging-energy-production-down
9c6e13cb-60e5-595e-95ad-38ea95dc9f6e,PROVISIONAL,ACTOR_CLAIM,Eurasianet передал заявление РД КМГ о шести повышениях зарплаты с 2008 года.,2011-10-13,2011-10-13,904af249-41ef-5986-9bea-1a00f59d9f19,SUPPORTS,a7869dd7-97d1-56de-86b4-aadf1e970c0a,has raised salaries six times since 2008,57481ba5d7b8f7cc36f5f4ab9281d1e9a35e6b4e931cc6d4f3c427403cbb23b8,True,86135a7f-79d7-5d6f-870c-f8bdaa925023,2011-10-13,DAY,46258.5,False,58cdfe78806e6121a878875241d097db593aca2877f7f546b94a5b54b07b7034,zhanaozen_v4_2011_evidence_captures/D25_43a82618_capture.txt,43a82618-e2f4-5340-b3db-5a08a84dfed1,Kazakhstan: Labor Dispute Dragging Energy Production Down,93272924-00d5-527a-9ace-4ea593c021ad,Eurasianet,IG-EURASIANET,https://eurasianet.org/kazakhstan-labor-dispute-dragging-energy-production-down
f25ddd8f-0810-5fdc-97cb-647c9d38074f,PROVISIONAL,ACTOR_CLAIM,"Уволенные работники, по сообщению Eurasianet, требовали восстановления и пересмотра зарплат.",2011-10-13,2011-10-13,f07fb0c1-2fea-5341-bdab-96681a75de89,SUPPORTS,ef7df23c-ba67-5903-9265-adbd1936ffa3,demanding reinstatement and a review of salaries,0a2f0dcd6186b9e872d21dabe4af51bf3e062ee1ff69970d0f89681271a9d84f,True,86135a7f-79d7-5d6f-870c-f8bdaa925023,2011-10-13,DAY,46258.5,False,58cdfe78806e6121a878875241d097db593aca2877f7f546b94a5b54b07b7034,zhanaozen_v4_2011_evidence_captures/D25_43a82618_capture.txt,43a82618-e2f4-5340-b3db-5a08a84dfed1,Kazakhstan: Labor Dispute Dragging Energy Production Down,93272924-00d5-527a-9ace-4ea593c021ad,Eurasianet,IG-EURASIANET,https://eurasianet.org/kazakhstan-labor-dispute-dragging-energy-production-down
42cc7a23-29c1-5522-8255-e81d09eb2f87,PROVISIONAL,ACTOR_CLAIM,Бастующие нефтяники в ноябре 2011 года продолжали добиваться восстановления на работу.,2011-11-24,2011-11-24,1c51de10-7b10-50fe-a6b4-5f0dd2f22534,SUPPORTS,bfd74fac-6396-5174-90bf-c1adab2bef1f,Бастующие в Мангистауской области нефтяники добиваются восстановления на работу.,c51f51dd4bd7b9ebe9833bfdf32f9b364f955c498469a46a5f04a0e95eba7989,True,ff6bdb6f-0cb3-5c83-945c-d6b2e519a487,2011-11-24,DAY,46259.575694444444,False,48f154c61aa5033dc49ce77dc8cf575bf3502269e0a34624c302de4cab686e32,zhanaozen_v4_2011_evidence_captures/D28_24f9aa6b_capture.txt,24f9aa6b-a244-54cb-bc4b-07988536f846,"В Жанаозене зима, но забастовка нефтяников продолжается",2c04fb05-8565-5cc3-b97b-0588179e89f2,Радио Азаттык / Azattyq,IG-AZATTYQ-2011-11-24,https://www.azattyqasia.org/a/oil_workers_strike_zhanaozen/24401004.html
d5f30f73-7ddd-55a5-a929-fe61c69b573b,PROVISIONAL,OBSERVED_EVENT,24 ноября 2011 года в Жанаозене шли переговоры бастующих с представителями местной власти.,2011-11-24,2011-11-24,a8803f5f-903a-5fb8-a123-ddbfaca246e5,SUPPORTS,887e47bb-119e-5ed7-9f7a-532658201972,В Жанаозене идут их переговоры с представителями местной власти.,7d9a66579aba90660d4783f4bebfffc876abac473e1b70a3a127979d1be8c309,True,ff6bdb6f-0cb3-5c83-945c-d6b2e519a487,2011-11-24,DAY,46259.575694444444,False,48f154c61aa5033dc49ce77dc8cf575bf3502269e0a34624c302de4cab686e32,zhanaozen_v4_2011_evidence_captures/D28_24f9aa6b_capture.txt,24f9aa6b-a244-54cb-bc4b-07988536f846,"В Жанаозене зима, но забастовка нефтяников продолжается",2c04fb05-8565-5cc3-b97b-0588179e89f2,Радио Азаттык / Azattyq,IG-AZATTYQ-2011-11-24,https://www.azattyqasia.org/a/oil_workers_strike_zhanaozen/24401004.html
78001daa-0cc5-5388-84c0-eb2306e5b816,PROVISIONAL,OBSERVED_EVENT,14 ноября 2011 года стороны на встрече в Жанаозене излагали позиции по урегулированию проблемных вопросов.,2011-11-14,2011-11-14,47b2713b-354f-5a3b-9db9-434af019df97,SUPPORTS,62787131-fd42-5aa3-b5c9-df61980deba0,в ходе обсуждения стороны изложили свои позиции по урегулированию проблемных вопросов,35815222b74d4b8742f60415795dc3ea4ab02fceeaae9fa787a355c5fd3139ea,True,9b1dfe95-b290-533c-9414-d8f18d880b1d,2011-11-14,DAY,46259.575694444444,False,6ddd2bada0957498cd622a604d6f125113f2977f68915e5d6cc203776f558dcd,zhanaozen_v4_2011_evidence_captures/D29_7a12d83f_capture.txt,7a12d83f-30b7-5a83-9334-24066a9e3310,Вице-министр труда и соцзащиты населения встретился с бастующими нефтяниками в Жанаозене,55be8202-f086-55ce-87bd-a11b76f4d1f3,Tengrinews,IG-TENGRINEWS,https://tengrinews.kz/kazakhstan_news/vitse-ministr-truda-sotszaschityi-naseleniya-vstretilsya-201539/
296ee01f-8379-5e8a-8cfb-d8b4b5e2deb0,PROVISIONAL,OBSERVED_EVENT,Трудоустройство уволенных работников было заявлено как предмет последующей встречи.,2011-11-14,2011-11-14,a2b5e54e-c200-5a27-8bfa-f55758794fe2,SUPPORTS,b9981fe5-0c46-5bd0-91ad-1f2e8a1f2aff,вопросы трудоустройства уволенных рабочих,2ecc78bf75c2e118de5f158d0934f5fa66221aa7f687b1bdb83eb0fc554e233b,True,9b1dfe95-b290-533c-9414-d8f18d880b1d,2011-11-14,DAY,46259.575694444444,False,6ddd2bada0957498cd622a604d6f125113f2977f68915e5d6cc203776f558dcd,zhanaozen_v4_2011_evidence_captures/D29_7a12d83f_capture.txt,7a12d83f-30b7-5a83-9334-24066a9e3310,Вице-министр труда и соцзащиты населения встретился с бастующими нефтяниками в Жанаозене,55be8202-f086-55ce-87bd-a11b76f4d1f3,Tengrinews,IG-TENGRINEWS,https://tengrinews.kz/kazakhstan_news/vitse-ministr-truda-sotszaschityi-naseleniya-vstretilsya-201539/
